{"_Monday": {"January 22, 2021": {"start_time": 1611341048.0063736}, "January 25, 2021": [{"start_time": 1611624514.4683034}]}, "tandapay": {"January 22, 2021": {"start_time": 1611349928.359221, "end_time": 1611353084.281269}, "January 25, 2021": [{"start_time": 1611611276.4687867}], "January 26, 2021": [{"start_time": 1611692956.0812519}]}, "vitalware": {"January 22, 2021": {"start_time": 1611359667.2989273}, "January 23, 2021": [{"start_time": 1611435495.192014}]}}