{"_Monday": {"January 22, 2021": {"start_time": 1611341048.0063736}}, "tandapay": {"January 22, 2021": {"start_time": 1611349928.359221, "end_time": 1611353084.281269}}, "vitalware": {"January 22, 2021": {"start_time": 1611359667.2989273}}}